{"cameraMode":{"drawMode":0,"name":"Shaded","section":"Shading Mode"},"sceneLighting":true,"audioPlay":false,"sceneViewState":{"showFog":false,"showMaterialUpdate":false,"showSkybox":false,"showFlares":true,"showImageEffects":true,"showParticleSystems":true},"in2DMode":false,"pivot":{"x":28.388450622558595,"y":151.4077911376953,"z":-119.1250228881836},"rotation":{"x":0.39881256222724917,"y":0.02612990140914917,"z":-0.011369220912456513,"w":0.9165902137756348},"size":1.9129550457000733,"orthographic":false}